N,q_discordance,p_agentic_favours,expected_discordant_pairs,alpha,test,power,powered_ge_0.80
40,0.10,0.60,4.0,0.05,exact_two_sided_mcnemar_binomial,0.008598,NO
40,0.10,0.65,4.0,0.05,exact_two_sided_mcnemar_binomial,0.013666,NO
40,0.10,0.70,4.0,0.05,exact_two_sided_mcnemar_binomial,0.021720,NO
40,0.10,0.75,4.0,0.05,exact_two_sided_mcnemar_binomial,0.033734,NO
40,0.10,0.80,4.0,0.05,exact_two_sided_mcnemar_binomial,0.050965,NO
40,0.10,0.85,4.0,0.05,exact_two_sided_mcnemar_binomial,0.074952,NO
40,0.20,0.60,8.0,0.05,exact_two_sided_mcnemar_binomial,0.037663,NO
40,0.20,0.65,8.0,0.05,exact_two_sided_mcnemar_binomial,0.064618,NO
40,0.20,0.70,8.0,0.05,exact_two_sided_mcnemar_binomial,0.108013,NO
40,0.20,0.75,8.0,0.05,exact_two_sided_mcnemar_binomial,0.172427,NO
40,0.20,0.80,8.0,0.05,exact_two_sided_mcnemar_binomial,0.261967,NO
40,0.20,0.85,8.0,0.05,exact_two_sided_mcnemar_binomial,0.378664,NO
40,0.30,0.60,12.0,0.05,exact_two_sided_mcnemar_binomial,0.059509,NO
40,0.30,0.65,12.0,0.05,exact_two_sided_mcnemar_binomial,0.110229,NO
40,0.30,0.70,12.0,0.05,exact_two_sided_mcnemar_binomial,0.191421,NO
40,0.30,0.75,12.0,0.05,exact_two_sided_mcnemar_binomial,0.307416,NO
40,0.30,0.80,12.0,0.05,exact_two_sided_mcnemar_binomial,0.455972,NO
40,0.30,0.85,12.0,0.05,exact_two_sided_mcnemar_binomial,0.624533,NO
40,0.40,0.60,16.0,0.05,exact_two_sided_mcnemar_binomial,0.081866,NO
40,0.40,0.65,16.0,0.05,exact_two_sided_mcnemar_binomial,0.159039,NO
40,0.40,0.70,16.0,0.05,exact_two_sided_mcnemar_binomial,0.279253,NO
40,0.40,0.75,16.0,0.05,exact_two_sided_mcnemar_binomial,0.439723,NO
40,0.40,0.80,16.0,0.05,exact_two_sided_mcnemar_binomial,0.621850,NO
40,0.40,0.85,16.0,0.05,exact_two_sided_mcnemar_binomial,0.792812,NO
40,0.50,0.60,20.0,0.05,exact_two_sided_mcnemar_binomial,0.098878,NO
40,0.50,0.65,20.0,0.05,exact_two_sided_mcnemar_binomial,0.200114,NO
40,0.50,0.70,20.0,0.05,exact_two_sided_mcnemar_binomial,0.354433,NO
40,0.50,0.75,20.0,0.05,exact_two_sided_mcnemar_binomial,0.547707,NO
40,0.50,0.80,20.0,0.05,exact_two_sided_mcnemar_binomial,0.742330,NO
40,0.50,0.85,20.0,0.05,exact_two_sided_mcnemar_binomial,0.892306,YES
50,0.10,0.60,5.0,0.05,exact_two_sided_mcnemar_binomial,0.015778,NO
50,0.10,0.65,5.0,0.05,exact_two_sided_mcnemar_binomial,0.025531,NO
50,0.10,0.70,5.0,0.05,exact_two_sided_mcnemar_binomial,0.041111,NO
50,0.10,0.75,5.0,0.05,exact_two_sided_mcnemar_binomial,0.064400,NO
50,0.10,0.80,5.0,0.05,exact_two_sided_mcnemar_binomial,0.097726,NO
50,0.10,0.85,5.0,0.05,exact_two_sided_mcnemar_binomial,0.143730,NO
50,0.20,0.60,10.0,0.05,exact_two_sided_mcnemar_binomial,0.049089,NO
50,0.20,0.65,10.0,0.05,exact_two_sided_mcnemar_binomial,0.087811,NO
50,0.20,0.70,10.0,0.05,exact_two_sided_mcnemar_binomial,0.150137,NO
50,0.20,0.75,10.0,0.05,exact_two_sided_mcnemar_binomial,0.241189,NO
50,0.20,0.80,10.0,0.05,exact_two_sided_mcnemar_binomial,0.363114,NO
50,0.20,0.85,10.0,0.05,exact_two_sided_mcnemar_binomial,0.512022,NO
50,0.30,0.60,15.0,0.05,exact_two_sided_mcnemar_binomial,0.076157,NO
50,0.30,0.65,15.0,0.05,exact_two_sided_mcnemar_binomial,0.146563,NO
50,0.30,0.70,15.0,0.05,exact_two_sided_mcnemar_binomial,0.256960,NO
50,0.30,0.75,15.0,0.05,exact_two_sided_mcnemar_binomial,0.406734,NO
50,0.30,0.80,15.0,0.05,exact_two_sided_mcnemar_binomial,0.581845,NO
50,0.30,0.85,15.0,0.05,exact_two_sided_mcnemar_binomial,0.754520,NO
50,0.40,0.60,20.0,0.05,exact_two_sided_mcnemar_binomial,0.098877,NO
50,0.40,0.65,20.0,0.05,exact_two_sided_mcnemar_binomial,0.200117,NO
50,0.40,0.70,20.0,0.05,exact_two_sided_mcnemar_binomial,0.354195,NO
50,0.40,0.75,20.0,0.05,exact_two_sided_mcnemar_binomial,0.546692,NO
50,0.40,0.80,20.0,0.05,exact_two_sided_mcnemar_binomial,0.740153,NO
50,0.40,0.85,20.0,0.05,exact_two_sided_mcnemar_binomial,0.889510,YES
50,0.50,0.60,25.0,0.05,exact_two_sided_mcnemar_binomial,0.118830,NO
50,0.50,0.65,25.0,0.05,exact_two_sided_mcnemar_binomial,0.249454,NO
50,0.50,0.70,25.0,0.05,exact_two_sided_mcnemar_binomial,0.440126,NO
50,0.50,0.75,25.0,0.05,exact_two_sided_mcnemar_binomial,0.656400,NO
50,0.50,0.80,25.0,0.05,exact_two_sided_mcnemar_binomial,0.840783,YES
50,0.50,0.85,25.0,0.05,exact_two_sided_mcnemar_binomial,0.951358,YES
60,0.10,0.60,6.0,0.05,exact_two_sided_mcnemar_binomial,0.023426,NO
60,0.10,0.65,6.0,0.05,exact_two_sided_mcnemar_binomial,0.038661,NO
60,0.10,0.70,6.0,0.05,exact_two_sided_mcnemar_binomial,0.063087,NO
60,0.10,0.75,6.0,0.05,exact_two_sided_mcnemar_binomial,0.099577,NO
60,0.10,0.80,6.0,0.05,exact_two_sided_mcnemar_binomial,0.151421,NO
60,0.10,0.85,6.0,0.05,exact_two_sided_mcnemar_binomial,0.221893,NO
60,0.20,0.60,12.0,0.05,exact_two_sided_mcnemar_binomial,0.059627,NO
60,0.20,0.65,12.0,0.05,exact_two_sided_mcnemar_binomial,0.110497,NO
60,0.20,0.70,12.0,0.05,exact_two_sided_mcnemar_binomial,0.191785,NO
60,0.20,0.75,12.0,0.05,exact_two_sided_mcnemar_binomial,0.307534,NO
60,0.20,0.80,12.0,0.05,exact_two_sided_mcnemar_binomial,0.455104,NO
60,0.20,0.85,12.0,0.05,exact_two_sided_mcnemar_binomial,0.621756,NO
60,0.30,0.60,18.0,0.05,exact_two_sided_mcnemar_binomial,0.090832,NO
60,0.30,0.65,18.0,0.05,exact_two_sided_mcnemar_binomial,0.180294,NO
60,0.30,0.70,18.0,0.05,exact_two_sided_mcnemar_binomial,0.317939,NO
60,0.30,0.75,18.0,0.05,exact_two_sided_mcnemar_binomial,0.495396,NO
60,0.30,0.80,18.0,0.05,exact_two_sided_mcnemar_binomial,0.684526,NO
60,0.30,0.85,18.0,0.05,exact_two_sided_mcnemar_binomial,0.845485,YES
60,0.40,0.60,24.0,0.05,exact_two_sided_mcnemar_binomial,0.114631,NO
60,0.40,0.65,24.0,0.05,exact_two_sided_mcnemar_binomial,0.239257,NO
60,0.40,0.70,24.0,0.05,exact_two_sided_mcnemar_binomial,0.422730,NO
60,0.40,0.75,24.0,0.05,exact_two_sided_mcnemar_binomial,0.634916,NO
60,0.40,0.80,24.0,0.05,exact_two_sided_mcnemar_binomial,0.822143,YES
60,0.40,0.85,24.0,0.05,exact_two_sided_mcnemar_binomial,0.940953,YES
60,0.50,0.60,30.0,0.05,exact_two_sided_mcnemar_binomial,0.142135,NO
60,0.50,0.65,30.0,0.05,exact_two_sided_mcnemar_binomial,0.303315,NO
60,0.50,0.70,30.0,0.05,exact_two_sided_mcnemar_binomial,0.524935,NO
60,0.50,0.75,30.0,0.05,exact_two_sided_mcnemar_binomial,0.748656,NO
60,0.50,0.80,30.0,0.05,exact_two_sided_mcnemar_binomial,0.907219,YES
60,0.50,0.85,30.0,0.05,exact_two_sided_mcnemar_binomial,0.979773,YES
80,0.10,0.60,8.0,0.05,exact_two_sided_mcnemar_binomial,0.037384,NO
80,0.10,0.65,8.0,0.05,exact_two_sided_mcnemar_binomial,0.064328,NO
80,0.10,0.70,8.0,0.05,exact_two_sided_mcnemar_binomial,0.107695,NO
80,0.10,0.75,8.0,0.05,exact_two_sided_mcnemar_binomial,0.171948,NO
80,0.10,0.80,8.0,0.05,exact_two_sided_mcnemar_binomial,0.260928,NO
80,0.10,0.85,8.0,0.05,exact_two_sided_mcnemar_binomial,0.376220,NO
80,0.20,0.60,16.0,0.05,exact_two_sided_mcnemar_binomial,0.081174,NO
80,0.20,0.65,16.0,0.05,exact_two_sided_mcnemar_binomial,0.158004,NO
80,0.20,0.70,16.0,0.05,exact_two_sided_mcnemar_binomial,0.277600,NO
80,0.20,0.75,16.0,0.05,exact_two_sided_mcnemar_binomial,0.436794,NO
80,0.20,0.80,16.0,0.05,exact_two_sided_mcnemar_binomial,0.616816,NO
80,0.20,0.85,16.0,0.05,exact_two_sided_mcnemar_binomial,0.785701,NO
80,0.30,0.60,24.0,0.05,exact_two_sided_mcnemar_binomial,0.114802,NO
80,0.30,0.65,24.0,0.05,exact_two_sided_mcnemar_binomial,0.239501,NO
80,0.30,0.70,24.0,0.05,exact_two_sided_mcnemar_binomial,0.422745,NO
80,0.30,0.75,24.0,0.05,exact_two_sided_mcnemar_binomial,0.634179,NO
80,0.30,0.80,24.0,0.05,exact_two_sided_mcnemar_binomial,0.820551,YES
80,0.30,0.85,24.0,0.05,exact_two_sided_mcnemar_binomial,0.939291,YES
80,0.40,0.60,32.0,0.05,exact_two_sided_mcnemar_binomial,0.152991,NO
80,0.40,0.65,32.0,0.05,exact_two_sided_mcnemar_binomial,0.326654,NO
80,0.40,0.70,32.0,0.05,exact_two_sided_mcnemar_binomial,0.558050,NO
80,0.40,0.75,32.0,0.05,exact_two_sided_mcnemar_binomial,0.779492,NO
80,0.40,0.80,32.0,0.05,exact_two_sided_mcnemar_binomial,0.924954,YES
80,0.40,0.85,32.0,0.05,exact_two_sided_mcnemar_binomial,0.985268,YES
80,0.50,0.60,40.0,0.05,exact_two_sided_mcnemar_binomial,0.198326,NO
80,0.50,0.65,40.0,0.05,exact_two_sided_mcnemar_binomial,0.420058,NO
80,0.50,0.70,40.0,0.05,exact_two_sided_mcnemar_binomial,0.680018,NO
80,0.50,0.75,40.0,0.05,exact_two_sided_mcnemar_binomial,0.879380,YES
80,0.50,0.80,40.0,0.05,exact_two_sided_mcnemar_binomial,0.973086,YES
80,0.50,0.85,40.0,0.05,exact_two_sided_mcnemar_binomial,0.997159,YES
100,0.10,0.60,10.0,0.05,exact_two_sided_mcnemar_binomial,0.048980,NO
100,0.10,0.65,10.0,0.05,exact_two_sided_mcnemar_binomial,0.087750,NO
100,0.10,0.70,10.0,0.05,exact_two_sided_mcnemar_binomial,0.150081,NO
100,0.10,0.75,10.0,0.05,exact_two_sided_mcnemar_binomial,0.240889,NO
100,0.10,0.80,10.0,0.05,exact_two_sided_mcnemar_binomial,0.361969,NO
100,0.10,0.85,10.0,0.05,exact_two_sided_mcnemar_binomial,0.509063,NO
100,0.20,0.60,20.0,0.05,exact_two_sided_mcnemar_binomial,0.098764,NO
100,0.20,0.65,20.0,0.05,exact_two_sided_mcnemar_binomial,0.199944,NO
100,0.20,0.70,20.0,0.05,exact_two_sided_mcnemar_binomial,0.353487,NO
100,0.20,0.75,20.0,0.05,exact_two_sided_mcnemar_binomial,0.544445,NO
100,0.20,0.80,20.0,0.05,exact_two_sided_mcnemar_binomial,0.735691,NO
100,0.20,0.85,20.0,0.05,exact_two_sided_mcnemar_binomial,0.883913,YES
100,0.30,0.60,30.0,0.05,exact_two_sided_mcnemar_binomial,0.142708,NO
100,0.30,0.65,30.0,0.05,exact_two_sided_mcnemar_binomial,0.303991,NO
100,0.30,0.70,30.0,0.05,exact_two_sided_mcnemar_binomial,0.524698,NO
100,0.30,0.75,30.0,0.05,exact_two_sided_mcnemar_binomial,0.746597,NO
100,0.30,0.80,30.0,0.05,exact_two_sided_mcnemar_binomial,0.904252,YES
100,0.30,0.85,30.0,0.05,exact_two_sided_mcnemar_binomial,0.977859,YES
100,0.40,0.60,40.0,0.05,exact_two_sided_mcnemar_binomial,0.198185,NO
100,0.40,0.65,40.0,0.05,exact_two_sided_mcnemar_binomial,0.419641,NO
100,0.40,0.70,40.0,0.05,exact_two_sided_mcnemar_binomial,0.678985,NO
100,0.40,0.75,40.0,0.05,exact_two_sided_mcnemar_binomial,0.877995,YES
100,0.40,0.80,40.0,0.05,exact_two_sided_mcnemar_binomial,0.972179,YES
100,0.40,0.85,40.0,0.05,exact_two_sided_mcnemar_binomial,0.996908,YES
100,0.50,0.60,50.0,0.05,exact_two_sided_mcnemar_binomial,0.250055,NO
100,0.50,0.65,50.0,0.05,exact_two_sided_mcnemar_binomial,0.520310,NO
100,0.50,0.70,50.0,0.05,exact_two_sided_mcnemar_binomial,0.789028,NO
100,0.50,0.75,50.0,0.05,exact_two_sided_mcnemar_binomial,0.944673,YES
100,0.50,0.80,50.0,0.05,exact_two_sided_mcnemar_binomial,0.992811,YES
100,0.50,0.85,50.0,0.05,exact_two_sided_mcnemar_binomial,0.999654,YES
120,0.10,0.60,12.0,0.05,exact_two_sided_mcnemar_binomial,0.059688,NO
120,0.10,0.65,12.0,0.05,exact_two_sided_mcnemar_binomial,0.110674,NO
120,0.10,0.70,12.0,0.05,exact_two_sided_mcnemar_binomial,0.192020,NO
120,0.10,0.75,12.0,0.05,exact_two_sided_mcnemar_binomial,0.307501,NO
120,0.10,0.80,12.0,0.05,exact_two_sided_mcnemar_binomial,0.454097,NO
120,0.10,0.85,12.0,0.05,exact_two_sided_mcnemar_binomial,0.618907,NO
120,0.20,0.60,24.0,0.05,exact_two_sided_mcnemar_binomial,0.114963,NO
120,0.20,0.65,24.0,0.05,exact_two_sided_mcnemar_binomial,0.239726,NO
120,0.20,0.70,24.0,0.05,exact_two_sided_mcnemar_binomial,0.422725,NO
120,0.20,0.75,24.0,0.05,exact_two_sided_mcnemar_binomial,0.633397,NO
120,0.20,0.80,24.0,0.05,exact_two_sided_mcnemar_binomial,0.818916,YES
120,0.20,0.85,24.0,0.05,exact_two_sided_mcnemar_binomial,0.937586,YES
120,0.30,0.60,36.0,0.05,exact_two_sided_mcnemar_binomial,0.175563,NO
120,0.30,0.65,36.0,0.05,exact_two_sided_mcnemar_binomial,0.373700,NO
120,0.30,0.70,36.0,0.05,exact_two_sided_mcnemar_binomial,0.621115,NO
120,0.30,0.75,36.0,0.05,exact_two_sided_mcnemar_binomial,0.833380,YES
120,0.30,0.80,36.0,0.05,exact_two_sided_mcnemar_binomial,0.952541,YES
120,0.30,0.85,36.0,0.05,exact_two_sided_mcnemar_binomial,0.992655,YES
120,0.40,0.60,48.0,0.05,exact_two_sided_mcnemar_binomial,0.240139,NO
120,0.40,0.65,48.0,0.05,exact_two_sided_mcnemar_binomial,0.501438,NO
120,0.40,0.70,48.0,0.05,exact_two_sided_mcnemar_binomial,0.769732,NO
120,0.40,0.75,48.0,0.05,exact_two_sided_mcnemar_binomial,0.934352,YES
120,0.40,0.80,48.0,0.05,exact_two_sided_mcnemar_binomial,0.990221,YES
120,0.40,0.85,48.0,0.05,exact_two_sided_mcnemar_binomial,0.999411,YES
120,0.50,0.60,60.0,0.05,exact_two_sided_mcnemar_binomial,0.297897,NO
120,0.50,0.65,60.0,0.05,exact_two_sided_mcnemar_binomial,0.604633,NO
120,0.50,0.70,60.0,0.05,exact_two_sided_mcnemar_binomial,0.862234,YES
120,0.50,0.75,60.0,0.05,exact_two_sided_mcnemar_binomial,0.974995,YES
120,0.50,0.80,60.0,0.05,exact_two_sided_mcnemar_binomial,0.998114,YES
120,0.50,0.85,60.0,0.05,exact_two_sided_mcnemar_binomial,0.999959,YES
