case_id,accession,truth,B_endpoint,D_endpoint,B_correct,D_correct,transition,effect
RS06,GCF_053605175.1,POSITIVE,ABSENT,UNRESOLVED,False,False,ABSENT->UNRESOLVED,NEITHER_OR_BOTH_WRONG
RS09,GCF_058093475.1,POSITIVE,ABSENT,UNRESOLVED,False,False,ABSENT->UNRESOLVED,NEITHER_OR_BOTH_WRONG
RS11,GCF_053903025.1,NEGATIVE,ABSENT,UNRESOLVED,True,False,ABSENT->UNRESOLVED,DEGRADATION
RS13,GCF_047313245.1,NEGATIVE,ABSENT,UNRESOLVED,True,False,ABSENT->UNRESOLVED,DEGRADATION
RS15,GCF_059400085.1,NEGATIVE,ABSENT,UNRESOLVED,True,False,ABSENT->UNRESOLVED,DEGRADATION
RS16,GCF_051069775.1,NEGATIVE,ABSENT,UNRESOLVED,True,False,ABSENT->UNRESOLVED,DEGRADATION
RS17,GCF_057808735.1,NEGATIVE,ABSENT,UNRESOLVED,True,False,ABSENT->UNRESOLVED,DEGRADATION
RS19,GCF_053233725.1,NEGATIVE,ABSENT,UNRESOLVED,True,False,ABSENT->UNRESOLVED,DEGRADATION
RS20,GCF_052065715.1,NEGATIVE,ABSENT,UNRESOLVED,True,False,ABSENT->UNRESOLVED,DEGRADATION
