case_id,position,accession,target,stratum,pass1_truth,pass2_truth,agreement,review_reason,final_truth,resolution_note,human_review_required,pre_review_truth,human_review_truth,changed_yes_no,reviewer,review_date,human_review_completed
M60_rpoB_RNAP_beta_GCF_049943055.1,1,GCF_049943055.1,rpoB_RNAP_beta,challenge,POSITIVE,POSITIVE,True,,POSITIVE,no automatic review flag; pass1 retained,False,POSITIVE,POSITIVE,no,,,False
M60_rpoB_RNAP_beta_GCF_052786815.1,2,GCF_052786815.1,rpoB_RNAP_beta,routine,POSITIVE,POSITIVE,True,,POSITIVE,no automatic review flag; pass1 retained,False,POSITIVE,POSITIVE,no,,,False
M60_rpoB_RNAP_beta_GCF_965253375.1,3,GCF_965253375.1,rpoB_RNAP_beta,challenge,TRUTH_UNCERTAIN,TRUTH_UNCERTAIN,True,TRUTH_UNCERTAIN,TRUTH_UNCERTAIN,"Best independent locus is 613 aa vs O67077 at identity 0.475, coverage 0.953; HMM coverage 0. A longer 1692 aa locus matches rpoC (NP_418415.1) at identity 0.542. No frozen rpoB member reaches identity 0.60 with coverage 0.80 and length ratio 0.80-1.20. Orthology remains unresolved; HMM cannot override the identity gate.",True,TRUTH_UNCERTAIN,TRUTH_UNCERTAIN,no,blinded_human_adjudicator_phase3b,2026-09-21,True
M60_rpoB_RNAP_beta_GCF_053348035.1,4,GCF_053348035.1,rpoB_RNAP_beta,routine,POSITIVE,POSITIVE,True,,POSITIVE,no automatic review flag; pass1 retained,False,POSITIVE,POSITIVE,no,,,False
M60_tetA_tetracycline_efflux_GCF_054452975.1,5,GCF_054452975.1,tetA_tetracycline_efflux,challenge,NEGATIVE,NEGATIVE,True,challenge_incomplete_evidence,NEGATIVE,pass2_confirmed_no_tetA_candidate,False,NEGATIVE,NEGATIVE,no,,,False
M60_tetA_tetracycline_efflux_GCF_052658775.1,6,GCF_052658775.1,tetA_tetracycline_efflux,routine,NEGATIVE,NEGATIVE,True,,NEGATIVE,no automatic review flag; pass1 retained,False,NEGATIVE,NEGATIVE,no,,,False
M60_rpoB_RNAP_beta_GCF_052923225.1,7,GCF_052923225.1,rpoB_RNAP_beta,challenge,TRUTH_UNCERTAIN,TRUTH_UNCERTAIN,True,TRUTH_UNCERTAIN;rpoB_partial_or_fragmented_candidate,TRUTH_UNCERTAIN,"Scored locus 766 aa vs O67077 at identity 0.436, coverage 0.779 (below 0.80, inside near-threshold coverage band). HMM coverage 0. A 1351 aa locus matches rpoC (NP_215182.1) at identity 0.582. No full-length rpoB member meets identity 0.60. Fragmentation versus partner-subunit identity is not resolvable from the packet.",True,TRUTH_UNCERTAIN,TRUTH_UNCERTAIN,no,blinded_human_adjudicator_phase3b,2026-09-21,True
M60_tetA_tetracycline_efflux_GCF_056173045.1,8,GCF_056173045.1,tetA_tetracycline_efflux,challenge,TRUTH_UNCERTAIN,TRUTH_UNCERTAIN,True,TRUTH_UNCERTAIN;evidence_route_discordance,TRUTH_UNCERTAIN,"Candidate is a 204 aa fragment (length ratio 0.51 vs P02980 401 aa) at identity 0.330, coverage 1.0 (product 0.330, far below 0.70). Competitor P0AEY8 identity 0.279, coverage 0.588. Target HMM coverage 0.424 (domain-only band), score 109.9. Not convincing tet(A)/tet(B) family-level placement. Competitor is not sequence-decisive (product 0.164 < 0.70), so absence is also not proven.",True,TRUTH_UNCERTAIN,TRUTH_UNCERTAIN,no,blinded_human_adjudicator_phase3b,2026-09-21,True
M60_rpoB_RNAP_beta_GCF_030436185.2,9,GCF_030436185.2,rpoB_RNAP_beta,challenge,TRUTH_UNCERTAIN,TRUTH_UNCERTAIN,True,TRUTH_UNCERTAIN;evidence_route_discordance,TRUTH_UNCERTAIN,"1155 aa candidate vs P37870 at identity 0.479, coverage 0.993, length ratio 0.968. Other frozen members are also below 0.60 (WP_506804874.1 0.472; WP_010871995.1 0.483). HMM prefers target (coverage 0.948, score 1443) with rpoC HMM 0. Full-length architecture is consistent with RNAP beta, but identity remains below the frozen 0.60 gate. Profile evidence is corroboration only and does not override identity.",True,TRUTH_UNCERTAIN,TRUTH_UNCERTAIN,no,blinded_human_adjudicator_phase3b,2026-09-21,True
M60_tetA_tetracycline_efflux_GCF_058808595.1,10,GCF_058808595.1,tetA_tetracycline_efflux,challenge,NEGATIVE,NEGATIVE,True,,NEGATIVE,no automatic review flag; pass1 retained,False,NEGATIVE,NEGATIVE,no,,,False
M60_rpoB_RNAP_beta_GCF_051167675.1,11,GCF_051167675.1,rpoB_RNAP_beta,challenge,TRUTH_UNCERTAIN,TRUTH_UNCERTAIN,True,TRUTH_UNCERTAIN;evidence_route_discordance;rpoB_partial_or_fragmented_candidate,TRUTH_UNCERTAIN,"1372 aa candidate vs NP_418414.1/P0A8V2 at identity 0.582, coverage 0.988, length ratio 1.022. HMM coverage 0.990, score 1742.4; rpoC HMM 0. Identity sits in the frozen near-threshold band (|0.582-0.60|=0.018 <= 0.10) and does not meet >= 0.60. HMM cannot licence a POSITIVE override.",True,TRUTH_UNCERTAIN,TRUTH_UNCERTAIN,no,blinded_human_adjudicator_phase3b,2026-09-21,True
M60_rpoB_RNAP_beta_GCF_048315775.1,12,GCF_048315775.1,rpoB_RNAP_beta,routine,POSITIVE,POSITIVE,True,,POSITIVE,no automatic review flag; pass1 retained,False,POSITIVE,POSITIVE,no,,,False
M60_tetA_tetracycline_efflux_GCF_056269845.1,13,GCF_056269845.1,tetA_tetracycline_efflux,routine,POSITIVE,POSITIVE,True,,POSITIVE,no automatic review flag; pass1 retained,False,POSITIVE,POSITIVE,no,,,False
M60_tetA_tetracycline_efflux_GCF_060343445.1,14,GCF_060343445.1,tetA_tetracycline_efflux,routine,POSITIVE,POSITIVE,True,,POSITIVE,no automatic review flag; pass1 retained,False,POSITIVE,POSITIVE,no,,,False
M60_tetA_tetracycline_efflux_GCF_965236745.1,15,GCF_965236745.1,tetA_tetracycline_efflux,routine,NEGATIVE,NEGATIVE,True,,NEGATIVE,no automatic review flag; pass1 retained,False,NEGATIVE,NEGATIVE,no,,,False
M60_tetA_tetracycline_efflux_GCF_965275775.1,16,GCF_965275775.1,tetA_tetracycline_efflux,routine,NEGATIVE,NEGATIVE,True,,NEGATIVE,no automatic review flag; pass1 retained,False,NEGATIVE,NEGATIVE,no,,,False
M60_rpoB_RNAP_beta_GCF_052262835.1,17,GCF_052262835.1,rpoB_RNAP_beta,challenge,POSITIVE,POSITIVE,True,,POSITIVE,no automatic review flag; pass1 retained,False,POSITIVE,POSITIVE,no,,,False
M60_rpoB_RNAP_beta_GCF_056155565.1,18,GCF_056155565.1,rpoB_RNAP_beta,routine,POSITIVE,POSITIVE,True,,POSITIVE,no automatic review flag; pass1 retained,False,POSITIVE,POSITIVE,no,,,False
M60_tetA_tetracycline_efflux_GCF_054552735.1,19,GCF_054552735.1,tetA_tetracycline_efflux,routine,POSITIVE,POSITIVE,True,borderline_tetA_target_vs_competitor,POSITIVE,second_pass_confirmed_pass1,False,POSITIVE,POSITIVE,no,,,False
M60_rpoB_RNAP_beta_GCF_050847255.1,20,GCF_050847255.1,rpoB_RNAP_beta,routine,TRUTH_UNCERTAIN,TRUTH_UNCERTAIN,True,TRUTH_UNCERTAIN;rpoB_partial_or_fragmented_candidate,TRUTH_UNCERTAIN,"Scored locus is a 278 aa domain-scale peptide vs Q9WYB5 (281 aa) at identity 0.351, coverage 0.932; HMM 0. A 1326 aa locus matches rpoC (NP_215182.1) at identity 0.901. A 776 aa O67077-seeded ORF is present but was not sequence-decisive. Domain fragment versus unresolved split cannot be closed from this packet.",True,TRUTH_UNCERTAIN,TRUTH_UNCERTAIN,no,blinded_human_adjudicator_phase3b,2026-09-21,True
M60_tetA_tetracycline_efflux_GCF_057501835.1,21,GCF_057501835.1,tetA_tetracycline_efflux,challenge,NEGATIVE,NEGATIVE,True,challenge_incomplete_evidence,NEGATIVE,pass2_confirmed_no_tetA_candidate,False,NEGATIVE,NEGATIVE,no,,,False
M60_tetA_tetracycline_efflux_GCF_049810315.1,22,GCF_049810315.1,tetA_tetracycline_efflux,challenge,NEGATIVE,NEGATIVE,True,challenge_incomplete_evidence,NEGATIVE,pass2_confirmed_no_tetA_candidate,False,NEGATIVE,NEGATIVE,no,,,False
M60_tetA_tetracycline_efflux_GCF_052375315.1,23,GCF_052375315.1,tetA_tetracycline_efflux,routine,TRUTH_UNCERTAIN,TRUTH_UNCERTAIN,True,TRUTH_UNCERTAIN;borderline_tetA_profile_margin,TRUTH_UNCERTAIN,"161 aa fragment vs P02982 at identity 0.253, coverage 0.882 (product 0.223); length ratio 0.40. Competitor P28246 identity 0.354, coverage 1.0 (product 0.354), still far below 0.70. HMM target coverage 0.329 vs competitor MFS 0.418 — not separated. No convincing tet(A)/tet(B) family-level placement; competitor product is also not decisive.",True,TRUTH_UNCERTAIN,TRUTH_UNCERTAIN,no,blinded_human_adjudicator_phase3b,2026-09-21,True
M60_tetA_tetracycline_efflux_GCF_050600735.1,24,GCF_050600735.1,tetA_tetracycline_efflux,challenge,NEGATIVE,NEGATIVE,True,challenge_incomplete_evidence,NEGATIVE,pass2_confirmed_no_tetA_candidate,False,NEGATIVE,NEGATIVE,no,,,False
M60_rpoB_RNAP_beta_GCF_053522785.1,25,GCF_053522785.1,rpoB_RNAP_beta,routine,TRUTH_UNCERTAIN,TRUTH_UNCERTAIN,True,TRUTH_UNCERTAIN;evidence_route_discordance;rpoB_partial_or_fragmented_candidate,TRUTH_UNCERTAIN,"1380 aa candidate vs NP_418414.1 at identity 0.579, coverage 0.984, length ratio 1.028. HMM coverage 0.989, score 1715.4; rpoC HMM 0. Near-threshold identity band; identity gate 0.60 not met. HMM is corroboration only.",True,TRUTH_UNCERTAIN,TRUTH_UNCERTAIN,no,blinded_human_adjudicator_phase3b,2026-09-21,True
M60_rpoB_RNAP_beta_GCF_055502155.1,26,GCF_055502155.1,rpoB_RNAP_beta,routine,TRUTH_UNCERTAIN,TRUTH_UNCERTAIN,True,TRUTH_UNCERTAIN;evidence_route_discordance;rpoB_partial_or_fragmented_candidate,TRUTH_UNCERTAIN,"1397 aa candidate vs NP_418414.1 at identity 0.561, coverage 0.996, length ratio 1.041. HMM coverage 0.990, score 1695.6; rpoC HMM 0. Near-threshold identity; frozen POSITIVE requires identity >= 0.60.",True,TRUTH_UNCERTAIN,TRUTH_UNCERTAIN,no,blinded_human_adjudicator_phase3b,2026-09-21,True
M60_tetA_tetracycline_efflux_GCF_051052775.1,27,GCF_051052775.1,tetA_tetracycline_efflux,routine,NEGATIVE,NEGATIVE,True,,NEGATIVE,no automatic review flag; pass1 retained,False,NEGATIVE,NEGATIVE,no,,,False
M60_tetA_tetracycline_efflux_GCF_052828745.1,28,GCF_052828745.1,tetA_tetracycline_efflux,routine,NEGATIVE,NEGATIVE,True,,NEGATIVE,no automatic review flag; pass1 retained,False,NEGATIVE,NEGATIVE,no,,,False
M60_tetA_tetracycline_efflux_GCF_052030555.1,29,GCF_052030555.1,tetA_tetracycline_efflux,routine,TRUTH_UNCERTAIN,TRUTH_UNCERTAIN,True,TRUTH_UNCERTAIN;evidence_route_discordance,TRUTH_UNCERTAIN,"404 aa candidate vs P02980 at identity 0.280, coverage 0.460 (product 0.129). Competitor P28246 identity 0.269, coverage 0.918 (product 0.247). HMM coverage 0.742 but score only 41.7. Neither tetAB nor competitor is sequence-decisive (product >= 0.70 with delta >= 0.20). Not convincing tet(A)/tet(B) placement.",True,TRUTH_UNCERTAIN,TRUTH_UNCERTAIN,no,blinded_human_adjudicator_phase3b,2026-09-21,True
M60_tetA_tetracycline_efflux_GCF_056892195.1,30,GCF_056892195.1,tetA_tetracycline_efflux,challenge,NEGATIVE,NEGATIVE,True,challenge_incomplete_evidence,NEGATIVE,pass2_confirmed_no_tetA_candidate,False,NEGATIVE,NEGATIVE,no,,,False
M60_tetA_tetracycline_efflux_GCF_987210895.1,31,GCF_987210895.1,tetA_tetracycline_efflux,routine,TRUTH_UNCERTAIN,TRUTH_UNCERTAIN,True,TRUTH_UNCERTAIN;evidence_route_discordance,TRUTH_UNCERTAIN,"335 aa candidate vs P02982 at identity 0.224, coverage 0.319 (product 0.071). Competitor P0AEJ0 identity 0.275, coverage 1.0 (product 0.275). HMM coverage 0.434, score 43.2. Seed of this ORF is the competitor family. TetAB alignment is a short spurious HSP. Competitor product still < 0.70, so competing-family preference is not sequence-decisive.",True,TRUTH_UNCERTAIN,TRUTH_UNCERTAIN,no,blinded_human_adjudicator_phase3b,2026-09-21,True
M60_tetA_tetracycline_efflux_GCF_057525735.1,32,GCF_057525735.1,tetA_tetracycline_efflux,challenge,NEGATIVE,NEGATIVE,True,challenge_incomplete_evidence,NEGATIVE,pass2_confirmed_no_tetA_candidate,False,NEGATIVE,NEGATIVE,no,,,False
M60_tetA_tetracycline_efflux_GCF_046837775.1,33,GCF_046837775.1,tetA_tetracycline_efflux,challenge,NEGATIVE,NEGATIVE,True,challenge_incomplete_evidence,NEGATIVE,pass2_confirmed_no_tetA_candidate,False,NEGATIVE,NEGATIVE,no,,,False
M60_tetA_tetracycline_efflux_GCF_054953385.1,34,GCF_054953385.1,tetA_tetracycline_efflux,challenge,TRUTH_UNCERTAIN,TRUTH_UNCERTAIN,True,TRUTH_UNCERTAIN;challenge_incomplete_evidence;evidence_route_discordance,NEGATIVE,"No independent sequence match to frozen tet(A)/tet(B) members P02980 or P02982 (target blastp empty; no tetAB tblastn seed among recovered ORFs). The recovered locus is competitor P0AEJ0 at identity 0.340, coverage 0.982. Residual tetA HMM coverage 0.412, score 34.3 is a weak generic MFS profile on a non-tetAB protein. Protocol step 1: no tetA family candidate locus -> NEGATIVE. Remote HMM is not a locus.",True,TRUTH_UNCERTAIN,NEGATIVE,yes,blinded_human_adjudicator_phase3b,2026-09-21,True
M60_rpoB_RNAP_beta_GCF_055562315.1,35,GCF_055562315.1,rpoB_RNAP_beta,routine,TRUTH_UNCERTAIN,TRUTH_UNCERTAIN,True,TRUTH_UNCERTAIN;rpoB_partial_or_fragmented_candidate,TRUTH_UNCERTAIN,"754 aa candidate vs O67077 at identity 0.535, coverage 0.613 (below 0.80). HMM 0. A 1336 aa locus matches rpoC (NP_215182.1) at identity 0.646. Partial coverage without a resolvable split.",True,TRUTH_UNCERTAIN,TRUTH_UNCERTAIN,no,blinded_human_adjudicator_phase3b,2026-09-21,True
M60_tetA_tetracycline_efflux_GCF_058409085.1,36,GCF_058409085.1,tetA_tetracycline_efflux,routine,POSITIVE,POSITIVE,True,,POSITIVE,no automatic review flag; pass1 retained,False,POSITIVE,POSITIVE,no,,,False
M60_tetA_tetracycline_efflux_GCF_059878295.1,37,GCF_059878295.1,tetA_tetracycline_efflux,routine,POSITIVE,POSITIVE,True,,POSITIVE,no automatic review flag; pass1 retained,False,POSITIVE,POSITIVE,no,,,False
M60_rpoB_RNAP_beta_GCF_050506825.1,38,GCF_050506825.1,rpoB_RNAP_beta,routine,POSITIVE,POSITIVE,True,,POSITIVE,no automatic review flag; pass1 retained,False,POSITIVE,POSITIVE,no,,,False
M60_rpoB_RNAP_beta_GCF_056820395.1,39,GCF_056820395.1,rpoB_RNAP_beta,challenge,TRUTH_UNCERTAIN,TRUTH_UNCERTAIN,True,TRUTH_UNCERTAIN;rpoB_partial_or_fragmented_candidate,TRUTH_UNCERTAIN,"707 aa candidate vs O67077 at identity 0.477, coverage 0.874, length ratio 1.115. HMM 0. A 1319 aa locus matches rpoC (NP_418415.1) at identity 0.488. Identity below 0.60; no discriminating profile.",True,TRUTH_UNCERTAIN,TRUTH_UNCERTAIN,no,blinded_human_adjudicator_phase3b,2026-09-21,True
M60_rpoB_RNAP_beta_GCF_057808655.1,40,GCF_057808655.1,rpoB_RNAP_beta,routine,TRUTH_UNCERTAIN,TRUTH_UNCERTAIN,True,TRUTH_UNCERTAIN;evidence_route_discordance;rpoB_partial_or_fragmented_candidate,TRUTH_UNCERTAIN,"1379 aa candidate vs NP_418414.1 at identity 0.582, coverage 0.985, length ratio 1.028. HMM coverage 0.990, score 1709.3; rpoC HMM 0. Near-threshold identity; gate unmet.",True,TRUTH_UNCERTAIN,TRUTH_UNCERTAIN,no,blinded_human_adjudicator_phase3b,2026-09-21,True
M60_tetA_tetracycline_efflux_GCF_056613625.1,41,GCF_056613625.1,tetA_tetracycline_efflux,challenge,POSITIVE,POSITIVE,True,,POSITIVE,no automatic review flag; pass1 retained,False,POSITIVE,POSITIVE,no,,,False
M60_tetA_tetracycline_efflux_GCF_056405795.1,42,GCF_056405795.1,tetA_tetracycline_efflux,challenge,NEGATIVE,NEGATIVE,True,challenge_incomplete_evidence,NEGATIVE,pass2_confirmed_no_tetA_candidate,False,NEGATIVE,NEGATIVE,no,,,False
M60_rpoB_RNAP_beta_GCF_058705105.1,43,GCF_058705105.1,rpoB_RNAP_beta,challenge,POSITIVE,POSITIVE,True,,POSITIVE,no automatic review flag; pass1 retained,False,POSITIVE,POSITIVE,no,,,False
M60_tetA_tetracycline_efflux_GCF_056539405.1,44,GCF_056539405.1,tetA_tetracycline_efflux,challenge,POSITIVE,POSITIVE,True,,POSITIVE,no automatic review flag; pass1 retained,False,POSITIVE,POSITIVE,no,,,False
M60_rpoB_RNAP_beta_GCF_056857995.1,45,GCF_056857995.1,rpoB_RNAP_beta,challenge,POSITIVE,POSITIVE,True,,POSITIVE,no automatic review flag; pass1 retained,False,POSITIVE,POSITIVE,no,,,False
M60_tetA_tetracycline_efflux_GCF_053612185.1,46,GCF_053612185.1,tetA_tetracycline_efflux,routine,NEGATIVE,NEGATIVE,True,,NEGATIVE,no automatic review flag; pass1 retained,False,NEGATIVE,NEGATIVE,no,,,False
M60_rpoB_RNAP_beta_GCF_058370595.1,47,GCF_058370595.1,rpoB_RNAP_beta,routine,POSITIVE,POSITIVE,True,,POSITIVE,no automatic review flag; pass1 retained,False,POSITIVE,POSITIVE,no,,,False
M60_rpoB_RNAP_beta_GCF_055389225.1,48,GCF_055389225.1,rpoB_RNAP_beta,routine,POSITIVE,POSITIVE,True,,POSITIVE,no automatic review flag; pass1 retained,False,POSITIVE,POSITIVE,no,,,False
M60_rpoB_RNAP_beta_GCF_047374315.1,49,GCF_047374315.1,rpoB_RNAP_beta,challenge,POSITIVE,POSITIVE,True,,POSITIVE,no automatic review flag; pass1 retained,False,POSITIVE,POSITIVE,no,,,False
M60_rpoB_RNAP_beta_GCF_057162725.1,50,GCF_057162725.1,rpoB_RNAP_beta,challenge,TRUTH_UNCERTAIN,TRUTH_UNCERTAIN,True,TRUTH_UNCERTAIN;rpoB_partial_or_fragmented_candidate,TRUTH_UNCERTAIN,"644 aa candidate vs O67077 at identity 0.484, coverage 0.798 (just below 0.80, inside near-threshold coverage band), length ratio 1.016. HMM 0. A 1424 aa locus matches rpoC (NP_418415.1) at identity 0.488.",True,TRUTH_UNCERTAIN,TRUTH_UNCERTAIN,no,blinded_human_adjudicator_phase3b,2026-09-21,True
M60_tetA_tetracycline_efflux_GCF_058071205.1,51,GCF_058071205.1,tetA_tetracycline_efflux,routine,NEGATIVE,NEGATIVE,True,,NEGATIVE,no automatic review flag; pass1 retained,False,NEGATIVE,NEGATIVE,no,,,False
M60_rpoB_RNAP_beta_GCF_051042445.1,52,GCF_051042445.1,rpoB_RNAP_beta,challenge,TRUTH_UNCERTAIN,TRUTH_UNCERTAIN,True,TRUTH_UNCERTAIN;evidence_route_discordance;rpoB_partial_or_fragmented_candidate,TRUTH_UNCERTAIN,"1380 aa candidate vs NP_418414.1 at identity 0.581, coverage 0.984, length ratio 1.028. HMM coverage 0.989, score 1720.3; rpoC HMM 0. Near-threshold identity; gate unmet.",True,TRUTH_UNCERTAIN,TRUTH_UNCERTAIN,no,blinded_human_adjudicator_phase3b,2026-09-21,True
M60_tetA_tetracycline_efflux_GCF_054050515.1,53,GCF_054050515.1,tetA_tetracycline_efflux,challenge,NEGATIVE,NEGATIVE,True,challenge_incomplete_evidence,NEGATIVE,pass2_confirmed_no_tetA_candidate,False,NEGATIVE,NEGATIVE,no,,,False
M60_rpoB_RNAP_beta_GCF_051384095.1,54,GCF_051384095.1,rpoB_RNAP_beta,routine,POSITIVE,POSITIVE,True,,POSITIVE,no automatic review flag; pass1 retained,False,POSITIVE,POSITIVE,no,,,False
M60_rpoB_RNAP_beta_GCF_049993875.1,55,GCF_049993875.1,rpoB_RNAP_beta,challenge,TRUTH_UNCERTAIN,TRUTH_UNCERTAIN,True,TRUTH_UNCERTAIN;rpoB_partial_or_fragmented_candidate,TRUTH_UNCERTAIN,"666 aa candidate vs O67077 at identity 0.483, coverage 0.869, length ratio 1.051. HMM 0. A 1310 aa locus matches rpoC (NP_215182.1) at identity 0.590. Identity below 0.60.",True,TRUTH_UNCERTAIN,TRUTH_UNCERTAIN,no,blinded_human_adjudicator_phase3b,2026-09-21,True
M60_rpoB_RNAP_beta_GCF_060694225.1,56,GCF_060694225.1,rpoB_RNAP_beta,routine,TRUTH_UNCERTAIN,TRUTH_UNCERTAIN,True,TRUTH_UNCERTAIN;rpoB_partial_or_fragmented_candidate,TRUTH_UNCERTAIN,"677 aa candidate vs O67077 at identity 0.502, coverage 0.753 (below 0.80). HMM 0. A 1320 aa locus matches rpoC (NP_215182.1) at identity 0.633. Near-threshold coverage without decisive architecture.",True,TRUTH_UNCERTAIN,TRUTH_UNCERTAIN,no,blinded_human_adjudicator_phase3b,2026-09-21,True
M60_tetA_tetracycline_efflux_GCF_054495665.1,57,GCF_054495665.1,tetA_tetracycline_efflux,challenge,NEGATIVE,NEGATIVE,True,challenge_incomplete_evidence,NEGATIVE,pass2_confirmed_no_tetA_candidate,False,NEGATIVE,NEGATIVE,no,,,False
M60_rpoB_RNAP_beta_GCF_965183925.1,58,GCF_965183925.1,rpoB_RNAP_beta,challenge,POSITIVE,POSITIVE,True,,POSITIVE,no automatic review flag; pass1 retained,False,POSITIVE,POSITIVE,no,,,False
M60_rpoB_RNAP_beta_GCF_053756975.1,59,GCF_053756975.1,rpoB_RNAP_beta,routine,POSITIVE,POSITIVE,True,,POSITIVE,no automatic review flag; pass1 retained,False,POSITIVE,POSITIVE,no,,,False
M60_rpoB_RNAP_beta_GCF_059424735.1,60,GCF_059424735.1,rpoB_RNAP_beta,challenge,TRUTH_UNCERTAIN,TRUTH_UNCERTAIN,True,TRUTH_UNCERTAIN;evidence_route_discordance;rpoB_partial_or_fragmented_candidate,TRUTH_UNCERTAIN,"1379 aa candidate vs NP_418414.1 at identity 0.583, coverage 0.985, length ratio 1.028. HMM coverage 0.989, score 1714.1; rpoC HMM 0. Closest near-threshold case in the review set, still below identity 0.60. HMM cannot override.",True,TRUTH_UNCERTAIN,TRUTH_UNCERTAIN,no,blinded_human_adjudicator_phase3b,2026-09-21,True
