accession,source_experiment,reason_excluded,n_sources
GCA_024705055.2,cohort_A,prior_development_or_evaluation_or_reference_exposure,1
GCA_046602855.1,cohort_C,prior_development_or_evaluation_or_reference_exposure,1
GCA_047374865.1,cohort_A,prior_development_or_evaluation_or_reference_exposure,1
GCA_047421435.1,cohort_A,prior_development_or_evaluation_or_reference_exposure,1
GCA_047470275.1,cohort_A,prior_development_or_evaluation_or_reference_exposure,1
GCA_047785965.1,cohort_C,prior_development_or_evaluation_or_reference_exposure,1
GCA_047918715.1,cohort_A,prior_development_or_evaluation_or_reference_exposure,1
GCA_047936695.1,cohort_A,prior_development_or_evaluation_or_reference_exposure,1
GCA_048684825.1,cohort_A,prior_development_or_evaluation_or_reference_exposure,1
GCA_049190845.1,cohort_A,prior_development_or_evaluation_or_reference_exposure,1
GCA_049478495.1,cohort_C,prior_development_or_evaluation_or_reference_exposure,1
GCA_051037005.1,cohort_A,prior_development_or_evaluation_or_reference_exposure,1
GCA_051791395.1,cohort_A,prior_development_or_evaluation_or_reference_exposure,1
GCA_051853115.1,cohort_A,prior_development_or_evaluation_or_reference_exposure,1
GCA_051908375.1,cohort_A,prior_development_or_evaluation_or_reference_exposure,1
GCA_051917665.1,cohort_A,prior_development_or_evaluation_or_reference_exposure,1
GCA_052416375.1,cohort_A,prior_development_or_evaluation_or_reference_exposure,1
GCA_052855985.1,cohort_A,prior_development_or_evaluation_or_reference_exposure,1
GCA_052954335.1,cohort_A,prior_development_or_evaluation_or_reference_exposure,1
GCA_053819165.1,cohort_A,prior_development_or_evaluation_or_reference_exposure,1
GCA_054331495.1,cohort_A,prior_development_or_evaluation_or_reference_exposure,1
GCA_055181375.1,cohort_C,prior_development_or_evaluation_or_reference_exposure,1
GCA_055305445.1,cohort_C,prior_development_or_evaluation_or_reference_exposure,1
GCA_055378285.1,cohort_C,prior_development_or_evaluation_or_reference_exposure,1
GCA_055379825.1,cohort_C,prior_development_or_evaluation_or_reference_exposure,1
GCA_055394735.1,cohort_C,prior_development_or_evaluation_or_reference_exposure,1
GCA_056688965.1,cohort_A,prior_development_or_evaluation_or_reference_exposure,1
GCA_056850595.1,cohort_A,prior_development_or_evaluation_or_reference_exposure,1
GCA_057063505.1,cohort_C,prior_development_or_evaluation_or_reference_exposure,1
GCA_057327385.1,cohort_A,prior_development_or_evaluation_or_reference_exposure,1
GCA_057612195.1,cohort_A,prior_development_or_evaluation_or_reference_exposure,1
GCA_058182195.1,cohort_A,prior_development_or_evaluation_or_reference_exposure,1
GCA_058663115.1,cohort_A,prior_development_or_evaluation_or_reference_exposure,1
GCA_058684075.1,cohort_A,prior_development_or_evaluation_or_reference_exposure,1
GCA_059729245.1,cohort_A,prior_development_or_evaluation_or_reference_exposure,1
GCA_964023145.2,cohort_A,prior_development_or_evaluation_or_reference_exposure,1
GCA_965234685.1,cohort_C,prior_development_or_evaluation_or_reference_exposure,1
GCA_984667895.1,cohort_A,prior_development_or_evaluation_or_reference_exposure,1
GCA_988233015.1,cohort_A,prior_development_or_evaluation_or_reference_exposure,1
GCA_988234735.1,cohort_A,prior_development_or_evaluation_or_reference_exposure,1
GCF_024705055.2,M60_EXCLUSION:cohort_A;cohort_A,prior_development_or_evaluation_or_reference_exposure,2
GCF_030436185.2,M60_selected;M60_truth_final,prior_development_or_evaluation_or_reference_exposure,2
GCF_032595855.2,D12_candidate_pool;M60_EXCLUSION:D12_candidate_pool,prior_development_or_evaluation_or_reference_exposure,2
GCF_046562475.1,D12;D12_candidate_pool;M60_EXCLUSION:D12;M60_EXCLUSION:D12_candidate_pool,prior_development_or_evaluation_or_reference_exposure,4
GCF_046602855.1,M60_EXCLUSION:cohort_C;M60_EXCLUSION:cohort_C_pilot5;cohort_C;cohort_C_pilot5,prior_development_or_evaluation_or_reference_exposure,4
GCF_046603865.1,D20_candidate_pool;M60_EXCLUSION:D20_candidate_pool,prior_development_or_evaluation_or_reference_exposure,2
GCF_046837775.1,M60_selected;M60_truth_final;decision_authority_poc_v5,prior_development_or_evaluation_or_reference_exposure,3
GCF_046846385.1,D8;M60_EXCLUSION:D8,prior_development_or_evaluation_or_reference_exposure,2
GCF_046939035.1,D20_candidate_pool;M60_EXCLUSION:D20_candidate_pool,prior_development_or_evaluation_or_reference_exposure,2
GCF_047374315.1,M60_selected;M60_truth_final,prior_development_or_evaluation_or_reference_exposure,2
GCF_047374865.1,M60_EXCLUSION:cohort_A;cohort_A,prior_development_or_evaluation_or_reference_exposure,2
GCF_047421435.1,M60_EXCLUSION:cohort_A;cohort_A,prior_development_or_evaluation_or_reference_exposure,2
GCF_047456205.1,D20_candidate_pool;M60_EXCLUSION:D20_candidate_pool,prior_development_or_evaluation_or_reference_exposure,2
GCF_047470275.1,M60_EXCLUSION:cohort_A;cohort_A,prior_development_or_evaluation_or_reference_exposure,2
GCF_047650335.1,D20_candidate_pool;M60_EXCLUSION:D20_candidate_pool,prior_development_or_evaluation_or_reference_exposure,2
GCF_047782765.1,D20_candidate_pool;M60_EXCLUSION:D20_candidate_pool,prior_development_or_evaluation_or_reference_exposure,2
GCF_047785965.1,M60_EXCLUSION:cohort_C;M60_EXCLUSION:cohort_C_pilot5;cohort_C;cohort_C_pilot5,prior_development_or_evaluation_or_reference_exposure,4
GCF_047918715.1,M60_EXCLUSION:cohort_A;cohort_A,prior_development_or_evaluation_or_reference_exposure,2
GCF_047936695.1,M60_EXCLUSION:cohort_A;cohort_A,prior_development_or_evaluation_or_reference_exposure,2
GCF_047943045.1,D12;D12_candidate_pool;M60_EXCLUSION:D12;M60_EXCLUSION:D12_candidate_pool,prior_development_or_evaluation_or_reference_exposure,4
GCF_048282645.1,D20_candidate_pool;M60_EXCLUSION:D20_candidate_pool,prior_development_or_evaluation_or_reference_exposure,2
GCF_048296675.2,D20_candidate_pool;M60_EXCLUSION:D20_candidate_pool,prior_development_or_evaluation_or_reference_exposure,2
GCF_048315775.1,M60_selected;M60_truth_final,prior_development_or_evaluation_or_reference_exposure,2
GCF_048585425.2,D12;D12_candidate_pool;M60_EXCLUSION:D12;M60_EXCLUSION:D12_candidate_pool,prior_development_or_evaluation_or_reference_exposure,4
GCF_048684825.1,M60_EXCLUSION:cohort_A;cohort_A,prior_development_or_evaluation_or_reference_exposure,2
GCF_048851505.1,D8;M60_EXCLUSION:D8,prior_development_or_evaluation_or_reference_exposure,2
GCF_049190845.1,M60_EXCLUSION:cohort_A;cohort_A,prior_development_or_evaluation_or_reference_exposure,2
GCF_049340285.1,D12;D12_candidate_pool;M60_EXCLUSION:D12;M60_EXCLUSION:D12_candidate_pool,prior_development_or_evaluation_or_reference_exposure,4
GCF_049373995.1,D8;M60_EXCLUSION:D8,prior_development_or_evaluation_or_reference_exposure,2
GCF_049478495.1,M60_EXCLUSION:cohort_C;M60_EXCLUSION:cohort_C_pilot5;cohort_C;cohort_C_pilot5,prior_development_or_evaluation_or_reference_exposure,4
GCF_049727805.1,D12_candidate_pool;M60_EXCLUSION:D12_candidate_pool,prior_development_or_evaluation_or_reference_exposure,2
GCF_049810315.1,M60_selected;M60_truth_final,prior_development_or_evaluation_or_reference_exposure,2
GCF_049904655.1,D20_candidate_pool;M60_EXCLUSION:D20_candidate_pool,prior_development_or_evaluation_or_reference_exposure,2
GCF_049913195.1,D20_candidate_pool;M60_EXCLUSION:D20_candidate_pool,prior_development_or_evaluation_or_reference_exposure,2
GCF_049943055.1,M60_selected;M60_truth_final,prior_development_or_evaluation_or_reference_exposure,2
GCF_049993875.1,M60_selected;M60_truth_final,prior_development_or_evaluation_or_reference_exposure,2
GCF_050039175.1,D20_candidate_pool;M60_EXCLUSION:D20_candidate_pool,prior_development_or_evaluation_or_reference_exposure,2
GCF_050310035.1,D8;M60_EXCLUSION:D8,prior_development_or_evaluation_or_reference_exposure,2
GCF_050506825.1,M60_selected;M60_truth_final,prior_development_or_evaluation_or_reference_exposure,2
GCF_050600735.1,M60_selected;M60_truth_final,prior_development_or_evaluation_or_reference_exposure,2
GCF_050749805.1,D12_candidate_pool;M60_EXCLUSION:D12_candidate_pool,prior_development_or_evaluation_or_reference_exposure,2
GCF_050847255.1,M60_selected;M60_truth_final,prior_development_or_evaluation_or_reference_exposure,2
GCF_050871785.1,D12;D12_candidate_pool;M60_EXCLUSION:D12;M60_EXCLUSION:D12_candidate_pool,prior_development_or_evaluation_or_reference_exposure,4
GCF_050995455.1,D20_candidate_pool;M60_EXCLUSION:D20_candidate_pool,prior_development_or_evaluation_or_reference_exposure,2
GCF_051037005.1,M60_EXCLUSION:cohort_A;cohort_A,prior_development_or_evaluation_or_reference_exposure,2
GCF_051042445.1,M60_selected;M60_truth_final,prior_development_or_evaluation_or_reference_exposure,2
GCF_051052775.1,M60_selected;M60_truth_final;decision_authority_poc_v5;known_failure_rescue_v5,prior_development_or_evaluation_or_reference_exposure,4
GCF_051167675.1,M60_selected;M60_truth_final,prior_development_or_evaluation_or_reference_exposure,2
GCF_051384095.1,M60_selected;M60_truth_final,prior_development_or_evaluation_or_reference_exposure,2
GCF_051388135.1,D20_candidate_pool;M60_EXCLUSION:D20_candidate_pool,prior_development_or_evaluation_or_reference_exposure,2
GCF_051549685.1,D20_candidate_pool;M60_EXCLUSION:D20_candidate_pool,prior_development_or_evaluation_or_reference_exposure,2
GCF_051791395.1,M60_EXCLUSION:cohort_A;cohort_A,prior_development_or_evaluation_or_reference_exposure,2
GCF_051853115.1,M60_EXCLUSION:cohort_A;cohort_A,prior_development_or_evaluation_or_reference_exposure,2
GCF_051908375.1,M60_EXCLUSION:cohort_A;cohort_A,prior_development_or_evaluation_or_reference_exposure,2
GCF_051917095.1,D20_candidate_pool;M60_EXCLUSION:D20_candidate_pool,prior_development_or_evaluation_or_reference_exposure,2
GCF_051917665.1,M60_EXCLUSION:cohort_A;cohort_A,prior_development_or_evaluation_or_reference_exposure,2
GCF_051937875.1,D12_candidate_pool;M60_EXCLUSION:D12_candidate_pool,prior_development_or_evaluation_or_reference_exposure,2
GCF_052030555.1,M60_selected;M60_truth_final,prior_development_or_evaluation_or_reference_exposure,2
GCF_052114445.1,D12_candidate_pool;M60_EXCLUSION:D12_candidate_pool,prior_development_or_evaluation_or_reference_exposure,2
GCF_052115545.1,D20_candidate_pool;M60_EXCLUSION:D20_candidate_pool,prior_development_or_evaluation_or_reference_exposure,2
GCF_052262835.1,M60_selected;M60_truth_final,prior_development_or_evaluation_or_reference_exposure,2
GCF_052375315.1,M60_selected;M60_truth_final,prior_development_or_evaluation_or_reference_exposure,2
GCF_052402035.1,D20_candidate_pool;M60_EXCLUSION:D20_candidate_pool,prior_development_or_evaluation_or_reference_exposure,2
GCF_052416375.1,M60_EXCLUSION:cohort_A;cohort_A,prior_development_or_evaluation_or_reference_exposure,2
GCF_052566715.1,D20_candidate_pool;M60_EXCLUSION:D20_candidate_pool,prior_development_or_evaluation_or_reference_exposure,2
GCF_052658775.1,M60_selected;M60_truth_final,prior_development_or_evaluation_or_reference_exposure,2
GCF_052786815.1,M60_selected;M60_truth_final,prior_development_or_evaluation_or_reference_exposure,2
GCF_052828745.1,M60_selected;M60_truth_final,prior_development_or_evaluation_or_reference_exposure,2
GCF_052855985.1,M60_EXCLUSION:cohort_A;cohort_A,prior_development_or_evaluation_or_reference_exposure,2
GCF_052923225.1,M60_selected;M60_truth_final,prior_development_or_evaluation_or_reference_exposure,2
GCF_052946635.1,D12_candidate_pool;M60_EXCLUSION:D12_candidate_pool,prior_development_or_evaluation_or_reference_exposure,2
GCF_052954335.1,M60_EXCLUSION:cohort_A;cohort_A,prior_development_or_evaluation_or_reference_exposure,2
GCF_052955985.1,D12;D12_candidate_pool;M60_EXCLUSION:D12;M60_EXCLUSION:D12_candidate_pool,prior_development_or_evaluation_or_reference_exposure,4
GCF_053348035.1,M60_selected;M60_truth_final,prior_development_or_evaluation_or_reference_exposure,2
GCF_053522785.1,M60_selected;M60_truth_final,prior_development_or_evaluation_or_reference_exposure,2
GCF_053612185.1,M60_selected;M60_truth_final,prior_development_or_evaluation_or_reference_exposure,2
GCF_053618555.1,D8;M60_EXCLUSION:D8,prior_development_or_evaluation_or_reference_exposure,2
GCF_053698625.1,D20_candidate_pool;M60_EXCLUSION:D20_candidate_pool,prior_development_or_evaluation_or_reference_exposure,2
GCF_053756975.1,M60_selected;M60_truth_final,prior_development_or_evaluation_or_reference_exposure,2
GCF_053795755.1,D12;D12_candidate_pool;M60_EXCLUSION:D12;M60_EXCLUSION:D12_candidate_pool,prior_development_or_evaluation_or_reference_exposure,4
GCF_053819165.1,M60_EXCLUSION:cohort_A;cohort_A,prior_development_or_evaluation_or_reference_exposure,2
GCF_054050515.1,M60_selected;M60_truth_final,prior_development_or_evaluation_or_reference_exposure,2
GCF_054052205.1,D20_candidate_pool;M60_EXCLUSION:D20_candidate_pool,prior_development_or_evaluation_or_reference_exposure,2
GCF_054055795.1,D12;D12_candidate_pool;M60_EXCLUSION:D12;M60_EXCLUSION:D12_candidate_pool,prior_development_or_evaluation_or_reference_exposure,4
GCF_054061855.1,D20_candidate_pool;M60_EXCLUSION:D20_candidate_pool,prior_development_or_evaluation_or_reference_exposure,2
GCF_054331495.1,M60_EXCLUSION:cohort_A;cohort_A,prior_development_or_evaluation_or_reference_exposure,2
GCF_054452975.1,M60_selected;M60_truth_final;model_poc_v5_5case,prior_development_or_evaluation_or_reference_exposure,3
GCF_054475615.1,D12_candidate_pool;M60_EXCLUSION:D12_candidate_pool,prior_development_or_evaluation_or_reference_exposure,2
GCF_054495665.1,M60_selected;M60_truth_final,prior_development_or_evaluation_or_reference_exposure,2
GCF_054552735.1,M60_selected;M60_truth_final;decision_authority_poc_v5;known_failure_rescue_v5;model_poc_v5_5case,prior_development_or_evaluation_or_reference_exposure,5
GCF_054792365.1,D8;M60_EXCLUSION:D8,prior_development_or_evaluation_or_reference_exposure,2
GCF_054953385.1,M60_selected;M60_truth_final,prior_development_or_evaluation_or_reference_exposure,2
GCF_055181375.1,M60_EXCLUSION:cohort_C;M60_EXCLUSION:cohort_C_pilot5;cohort_C;cohort_C_pilot5,prior_development_or_evaluation_or_reference_exposure,4
GCF_055305445.1,M60_EXCLUSION:cohort_C;M60_EXCLUSION:cohort_C_pilot5;cohort_C;cohort_C_pilot5,prior_development_or_evaluation_or_reference_exposure,4
GCF_055378285.1,M60_EXCLUSION:cohort_C;M60_EXCLUSION:cohort_C_pilot5;cohort_C;cohort_C_pilot5,prior_development_or_evaluation_or_reference_exposure,4
GCF_055379825.1,M60_EXCLUSION:cohort_C;M60_EXCLUSION:cohort_C_pilot5;cohort_C;cohort_C_pilot5,prior_development_or_evaluation_or_reference_exposure,4
GCF_055388155.1,D12_candidate_pool;M60_EXCLUSION:D12_candidate_pool,prior_development_or_evaluation_or_reference_exposure,2
GCF_055389225.1,M60_selected;M60_truth_final;model_poc_v5_5case,prior_development_or_evaluation_or_reference_exposure,3
GCF_055394735.1,M60_EXCLUSION:cohort_C;M60_EXCLUSION:cohort_C_pilot5;cohort_C;cohort_C_pilot5,prior_development_or_evaluation_or_reference_exposure,4
GCF_055502155.1,M60_selected;M60_truth_final,prior_development_or_evaluation_or_reference_exposure,2
GCF_055523395.1,D20_candidate_pool;M60_EXCLUSION:D20_candidate_pool,prior_development_or_evaluation_or_reference_exposure,2
GCF_055562315.1,M60_selected;M60_truth_final,prior_development_or_evaluation_or_reference_exposure,2
GCF_055576875.1,D20_candidate_pool;M60_EXCLUSION:D20_candidate_pool,prior_development_or_evaluation_or_reference_exposure,2
GCF_055698855.1,D20_candidate_pool;M60_EXCLUSION:D20_candidate_pool,prior_development_or_evaluation_or_reference_exposure,2
GCF_056155565.1,M60_selected;M60_truth_final,prior_development_or_evaluation_or_reference_exposure,2
GCF_056173045.1,M60_selected;M60_truth_final,prior_development_or_evaluation_or_reference_exposure,2
GCF_056267885.1,D8;M60_EXCLUSION:D8,prior_development_or_evaluation_or_reference_exposure,2
GCF_056269845.1,M60_selected;M60_truth_final;decision_authority_poc_v5;model_poc_v5_5case,prior_development_or_evaluation_or_reference_exposure,4
GCF_056405795.1,M60_selected;M60_truth_final,prior_development_or_evaluation_or_reference_exposure,2
GCF_056483745.1,D8;M60_EXCLUSION:D8,prior_development_or_evaluation_or_reference_exposure,2
GCF_056497905.1,D20_candidate_pool;M60_EXCLUSION:D20_candidate_pool,prior_development_or_evaluation_or_reference_exposure,2
GCF_056539405.1,M60_selected;M60_truth_final;known_failure_rescue_v5,prior_development_or_evaluation_or_reference_exposure,3
GCF_056613625.1,M60_selected;M60_truth_final;decision_authority_poc_v5;known_failure_rescue_v5,prior_development_or_evaluation_or_reference_exposure,4
GCF_056688965.1,M60_EXCLUSION:cohort_A;cohort_A,prior_development_or_evaluation_or_reference_exposure,2
GCF_056820395.1,M60_selected;M60_truth_final,prior_development_or_evaluation_or_reference_exposure,2
GCF_056821935.1,D20_candidate_pool;M60_EXCLUSION:D20_candidate_pool,prior_development_or_evaluation_or_reference_exposure,2
GCF_056850595.1,M60_EXCLUSION:cohort_A;cohort_A,prior_development_or_evaluation_or_reference_exposure,2
GCF_056857995.1,M60_selected;M60_truth_final,prior_development_or_evaluation_or_reference_exposure,2
GCF_056892195.1,M60_selected;M60_truth_final;decision_authority_poc_v5,prior_development_or_evaluation_or_reference_exposure,3
GCF_057063505.1,M60_EXCLUSION:cohort_C;M60_EXCLUSION:cohort_C_pilot5;cohort_C;cohort_C_pilot5,prior_development_or_evaluation_or_reference_exposure,4
GCF_057162725.1,M60_selected;M60_truth_final,prior_development_or_evaluation_or_reference_exposure,2
GCF_057180445.1,D20_candidate_pool;M60_EXCLUSION:D20_candidate_pool,prior_development_or_evaluation_or_reference_exposure,2
GCF_057327385.1,M60_EXCLUSION:cohort_A;cohort_A,prior_development_or_evaluation_or_reference_exposure,2
GCF_057501835.1,M60_selected;M60_truth_final;decision_authority_poc_v5,prior_development_or_evaluation_or_reference_exposure,3
GCF_057525735.1,M60_selected;M60_truth_final,prior_development_or_evaluation_or_reference_exposure,2
GCF_057546125.1,D20_candidate_pool;M60_EXCLUSION:D20_candidate_pool,prior_development_or_evaluation_or_reference_exposure,2
GCF_057612195.1,M60_EXCLUSION:cohort_A;cohort_A,prior_development_or_evaluation_or_reference_exposure,2
GCF_057626335.1,D12;D12_candidate_pool;M60_EXCLUSION:D12;M60_EXCLUSION:D12_candidate_pool,prior_development_or_evaluation_or_reference_exposure,4
GCF_057808655.1,M60_selected;M60_truth_final,prior_development_or_evaluation_or_reference_exposure,2
GCF_057813005.1,D20_candidate_pool;M60_EXCLUSION:D20_candidate_pool,prior_development_or_evaluation_or_reference_exposure,2
GCF_058071205.1,M60_selected;M60_truth_final,prior_development_or_evaluation_or_reference_exposure,2
GCF_058182195.1,M60_EXCLUSION:cohort_A;cohort_A,prior_development_or_evaluation_or_reference_exposure,2
GCF_058188625.1,D20_candidate_pool;M60_EXCLUSION:D20_candidate_pool,prior_development_or_evaluation_or_reference_exposure,2
GCF_058350045.1,D20_candidate_pool;M60_EXCLUSION:D20_candidate_pool,prior_development_or_evaluation_or_reference_exposure,2
GCF_058370595.1,M60_selected;M60_truth_final,prior_development_or_evaluation_or_reference_exposure,2
GCF_058409085.1,M60_selected;M60_truth_final;decision_authority_poc_v5;model_poc_v5_5case,prior_development_or_evaluation_or_reference_exposure,4
GCF_058513295.1,D20_candidate_pool;M60_EXCLUSION:D20_candidate_pool,prior_development_or_evaluation_or_reference_exposure,2
GCF_058596135.1,D12;D12_candidate_pool;M60_EXCLUSION:D12;M60_EXCLUSION:D12_candidate_pool,prior_development_or_evaluation_or_reference_exposure,4
GCF_058663115.1,M60_EXCLUSION:cohort_A;cohort_A,prior_development_or_evaluation_or_reference_exposure,2
GCF_058684075.1,M60_EXCLUSION:cohort_A;cohort_A,prior_development_or_evaluation_or_reference_exposure,2
GCF_058702785.1,D20_candidate_pool;M60_EXCLUSION:D20_candidate_pool,prior_development_or_evaluation_or_reference_exposure,2
GCF_058705105.1,M60_selected;M60_truth_final,prior_development_or_evaluation_or_reference_exposure,2
GCF_058808595.1,M60_selected;M60_truth_final;decision_authority_poc_v5;known_failure_rescue_v5,prior_development_or_evaluation_or_reference_exposure,4
GCF_058896565.1,D20_candidate_pool;M60_EXCLUSION:D20_candidate_pool,prior_development_or_evaluation_or_reference_exposure,2
GCF_059417765.1,D20_candidate_pool;M60_EXCLUSION:D20_candidate_pool,prior_development_or_evaluation_or_reference_exposure,2
GCF_059424735.1,M60_selected;M60_truth_final,prior_development_or_evaluation_or_reference_exposure,2
GCF_059508655.1,D20_candidate_pool;M60_EXCLUSION:D20_candidate_pool,prior_development_or_evaluation_or_reference_exposure,2
GCF_059683705.1,D12;D12_candidate_pool;M60_EXCLUSION:D12;M60_EXCLUSION:D12_candidate_pool,prior_development_or_evaluation_or_reference_exposure,4
GCF_059729245.1,M60_EXCLUSION:cohort_A;cohort_A,prior_development_or_evaluation_or_reference_exposure,2
GCF_059878295.1,M60_selected;M60_truth_final;decision_authority_poc_v5;known_failure_rescue_v5,prior_development_or_evaluation_or_reference_exposure,4
GCF_059917585.1,D20_candidate_pool;M60_EXCLUSION:D20_candidate_pool,prior_development_or_evaluation_or_reference_exposure,2
GCF_060026665.1,D12_candidate_pool;M60_EXCLUSION:D12_candidate_pool,prior_development_or_evaluation_or_reference_exposure,2
GCF_060276355.1,D12_candidate_pool;M60_EXCLUSION:D12_candidate_pool,prior_development_or_evaluation_or_reference_exposure,2
GCF_060343445.1,M60_selected;M60_truth_final;known_failure_rescue_v5;single_rescue_challenge_v5,prior_development_or_evaluation_or_reference_exposure,4
GCF_060416925.1,D12;D12_candidate_pool;M60_EXCLUSION:D12;M60_EXCLUSION:D12_candidate_pool,prior_development_or_evaluation_or_reference_exposure,4
GCF_060694225.1,M60_selected;M60_truth_final,prior_development_or_evaluation_or_reference_exposure,2
GCF_060938735.1,D12_candidate_pool;M60_EXCLUSION:D12_candidate_pool,prior_development_or_evaluation_or_reference_exposure,2
GCF_964023145.2,M60_EXCLUSION:cohort_A;cohort_A,prior_development_or_evaluation_or_reference_exposure,2
GCF_964283505.1,D20_candidate_pool;M60_EXCLUSION:D20_candidate_pool,prior_development_or_evaluation_or_reference_exposure,2
GCF_965183925.1,M60_selected;M60_truth_final,prior_development_or_evaluation_or_reference_exposure,2
GCF_965234685.1,M60_EXCLUSION:cohort_C;M60_EXCLUSION:cohort_C_pilot5;cohort_C;cohort_C_pilot5,prior_development_or_evaluation_or_reference_exposure,4
GCF_965236745.1,M60_selected;M60_truth_final,prior_development_or_evaluation_or_reference_exposure,2
GCF_965253375.1,M60_selected;M60_truth_final,prior_development_or_evaluation_or_reference_exposure,2
GCF_965275775.1,M60_selected;M60_truth_final,prior_development_or_evaluation_or_reference_exposure,2
GCF_977971445.1,D12_candidate_pool;M60_EXCLUSION:D12_candidate_pool,prior_development_or_evaluation_or_reference_exposure,2
GCF_984667895.1,M60_EXCLUSION:cohort_A;cohort_A,prior_development_or_evaluation_or_reference_exposure,2
GCF_987210895.1,M60_selected;M60_truth_final,prior_development_or_evaluation_or_reference_exposure,2
GCF_988231885.1,D20_candidate_pool;M60_EXCLUSION:D20_candidate_pool,prior_development_or_evaluation_or_reference_exposure,2
GCF_988232335.1,D20_candidate_pool;M60_EXCLUSION:D20_candidate_pool,prior_development_or_evaluation_or_reference_exposure,2
GCF_988233015.1,M60_EXCLUSION:cohort_A;cohort_A,prior_development_or_evaluation_or_reference_exposure,2
GCF_988234735.1,M60_EXCLUSION:cohort_A;cohort_A,prior_development_or_evaluation_or_reference_exposure,2
GCF_988235165.1,D20_candidate_pool;M60_EXCLUSION:D20_candidate_pool,prior_development_or_evaluation_or_reference_exposure,2
